{"cameraMode":{"drawMode":0,"name":"Shaded","section":"Shading Mode"},"sceneLighting":true,"audioPlay":false,"sceneViewState":{"m_AlwaysRefresh":false,"showFog":true,"showSkybox":true,"showFlares":true,"showImageEffects":true,"showParticleSystems":true,"showVisualEffectGraphs":true,"m_FxEnabled":true},"in2DMode":false,"pivot":{"x":-1.2421238422393799,"y":6.624580383300781,"z":-2.230381965637207},"rotation":{"x":0.05095702037215233,"y":0.02635333128273487,"z":-0.0015399021795019508,"w":0.9984443187713623},"size":17.834978103637697,"orthographic":true}