{"cameraMode":{"drawMode":0,"name":"Shaded","section":"Shading Mode"},"sceneLighting":true,"audioPlay":false,"sceneViewState":{"m_AlwaysRefresh":false,"showFog":true,"showSkybox":true,"showFlares":true,"showImageEffects":true,"showParticleSystems":true,"showVisualEffectGraphs":true,"m_FxEnabled":true},"in2DMode":false,"pivot":{"x":-18.900196075439454,"y":13.28018856048584,"z":-2.148103713989258},"rotation":{"x":-0.03767864406108856,"y":0.25814613699913027,"z":-0.010068235918879509,"w":-0.9653506875038147},"size":22.606428146362306,"orthographic":false}