{"cameraMode":{"drawMode":0,"name":"Shaded","section":"Shading Mode"},"sceneLighting":true,"audioPlay":false,"sceneViewState":{"m_AlwaysRefresh":false,"showFog":true,"showSkybox":true,"showFlares":true,"showImageEffects":true,"showParticleSystems":true,"showVisualEffectGraphs":true,"m_FxEnabled":true},"in2DMode":false,"pivot":{"x":-9.71223258972168,"y":10.578011512756348,"z":2.964630126953125},"rotation":{"x":0.06146381422877312,"y":-0.008099151775240898,"z":0.00030285699176602066,"w":0.9981690645217896},"size":19.618038177490236,"orthographic":true}