{"cameraMode":{"drawMode":0,"name":"Shaded","section":"Shading Mode"},"sceneLighting":true,"audioPlay":false,"sceneViewState":{"m_AlwaysRefresh":false,"showFog":true,"showSkybox":true,"showFlares":true,"showImageEffects":true,"showParticleSystems":true,"showVisualEffectGraphs":true,"m_FxEnabled":true},"in2DMode":false,"pivot":{"x":-10.606996536254883,"y":11.707818031311036,"z":20.270353317260743},"rotation":{"x":-0.030599988996982576,"y":-0.01829366944730282,"z":0.0005605501937679946,"w":-0.9993730783462524},"size":27.083759307861329,"orthographic":false}